{
  "rotation": [
    [
      0.9999999999772384,
      2.6937477698560898e-08,
      -6.747063044445807e-06
    ],
    [
      -2.698541649618024e-08,
      0.9999999999747583,
      -7.105135578141444e-06
    ],
    [
      6.747062852881068e-06,
      7.105135760052026e-06,
      0.9999999999519973
    ]
  ],
  "translation": [
    0.32473076117490457,
    -0.02526935760695854,
    0.5321137022703738
  ],
  "num_samples": 5
}